source,author,title,description,url,urlToImage,publishedAt,content,sent_pos,sent_neg,sent_neutral,date
"{'id': None, 'name': 'Cointelegraph'}",Cointelegraph by Brayden Lindrea,Rep. Steil urges restraint on adding ‘non-germane items’ to crypto bills,"US Representative Bryan Steil wants lawmakers to stop adding “non-germane items” into two key crypto bills, claiming that doing so is slowing the implementation of a regulatory framework for the industry.“Individuals, when they see legislation that’s going to…",https://cointelegraph.com/news/steil-wants-lawmakers-restrain-adding-non-relevant-items-crypto-bills,"https://images.cointelegraph.com/cdn-cgi/image/format=auto,onerror=redirect,quality=90,width=1200/https://s3.cointelegraph.com/uploads/2024-12/019409cc-939a-7645-b856-8e81a6820b98",2025-05-28T04:46:29Z,"US Representative Bryan Steil wants lawmakers to stop adding non-germane items into two key crypto bills, claiming that doing so is slowing the implementation of a regulatory framework for the indust… [+3047 chars]",0.0,0.0,0.8806772828102112,2025-05-28
"{'id': None, 'name': 'Forbes'}","Fatemeh Fannizadeh, Contributor, 
 Fatemeh Fannizadeh, Contributor
 https://www.forbes.com/sites/fatemehfannizadeh/",Digital Freedom Declaration Presses EU For Clear Rules On Privacy Tech,"By endorsing the Digital Freedom Declaration. stakeholders call the EU to adopt “sound, proportionate regulation” that protects innovation in crypto privacy.",https://www.forbes.com/sites/digital-assets/2025/05/28/digital-freedom-declaration-presses-eu-for-clear-rules-on-privacy-tech/,https://imageio.forbes.com/specials-images/imageserve/6836392eae58357f2862ee5c/0x0.jpg?format=jpg&height=900&width=1600&fit=bounds,2025-05-28T04:43:29Z,"Joachim Schwerin, principal economist at the European Commission in discussion with Judith De Boer, ... More Alexey Pertsev's lawyer
EthDam, Amsterdam 2025
Launched in May 2025, the Digital Freedom… [+5010 chars]",0.0,0.0,0.9260832071304321,2025-05-28
"{'id': None, 'name': 'Biztoc.com'}",ft.com,Bitcoin price surge encourages more companies to acquire crypto,Many digital asset firms are trying to emulate software group Strategy’s success,https://biztoc.com/x/80d532825d65ae09,https://biztoc.com/cdn/80d532825d65ae09_s.webp,2025-05-28T04:33:42Z,"Many digital asset firms are trying to emulate software group Strategys success
This story appeared on ft.com, 2025-05-28 04:00:46.",0.8879476189613342,0.0,0.0,2025-05-28
"{'id': None, 'name': 'Biztoc.com'}",benzinga.com,Trump's Crypto Advisor About US Plans On Buying More Bitcoin: It All Boils Down To…,"President Donald Trump’s crypto and AI advisor, David Sacks, said Tuesday that the path to acquiring Bitcoin (CRYPTO: BTC) for the strategic reserve is ready, and it’s just a matter of getting the relevant executive departments “excited.”
What happened: Durin…",https://biztoc.com/x/5b10490c0adb1deb,https://biztoc.com/cdn/5b10490c0adb1deb_s.webp,2025-05-28T04:22:28Z,"President Donald Trumps crypto and AI advisor, David Sacks, said Tuesday that the path to acquiring Bitcoin (CRYPTO: BTC) for the strategic reserve is ready, and its just a matter of getting the rele… [+139 chars]",0.0,0.0,0.8416668176651001,2025-05-28
"{'id': None, 'name': 'Bitcoinist'}",Keshav Verma,"Bitcoin Miners Earning $50 Million Daily, How Does It Compare Historically?","On-chain data shows the Bitcoin miners are currently making more than $50 million in daily revenue. Here’s whether this is near the record or not. Bitcoin Miner Revenue Has Seen A Surge Recently In a new post on X, CryptoQuant author Axel Adler Jr has talked …",https://bitcoinist.com/bitcoin-miners-earning-50-million-daily-compare/,https://bitcoinist.com/wp-content/uploads/2025/05/btc_440e2e.webp,2025-05-28T04:00:33Z,"On-chain data shows the Bitcoin miners are currently making more than $50 million in daily revenue. Here’s whether this is near the record or not.
Bitcoin Miner Revenue Has Seen A Surge Recently
In… [+2805 chars]",0.0,0.0,0.8876235485076904,2025-05-28
"{'id': None, 'name': 'newsBTC'}",Christian Encila,"Tether’s 2-Year, $5 Billion Investment Blitz Fuels US Companies: CEO","Tether, the issuer of the USDT stablecoin, has quietly funneled roughly $5 billion of its earnings into a mix of US businesses and government debt over the past two years. It’s putting money where its mouth is. According to CEO Paolo Ardoino, these moves are …",http://www.newsbtc.com/altcoin/tethers-2-year-5-billion-investment-blitz-fuels-us-companies-ceo/,https://www.newsbtc.com/wp-content/uploads/2025/05/a_34153d.jpg?fit=3000%2C1688,2025-05-28T04:00:15Z,"They say journalists never truly clock out. But for Christian, that's not just a metaphor, it's a lifestyle. By day, he navigates the ever-shifting tides of the cryptocurrency market, wielding words … [+2792 chars]",0.0,0.0,0.9291927218437195,2025-05-28
"{'id': None, 'name': 'The Daily Hodl'}",Conor Devitt,"President Trump’s Media Company To Allocate $2,500,000,000 To Buy Bitcoin (BTC)","President Donald Trump’s family media corporation plans to gobble up $2.5 billion worth of Bitcoin (BTC). Trump Media and Technology Group Corp., which operates Truth Social, announced on Tuesday that it entered into subscription agreements with approximately…",https://dailyhodl.com/2025/05/27/president-trumps-media-company-to-allocate-2500000000-to-buy-bitcoin-btc/,https://dailyhodl.com/wp-content/uploads/2025/05/media-company-bitcoin.jpg,2025-05-28T03:58:19Z,"President Donald Trump’s family media corporation plans to gobble up $2.5 billion worth of Bitcoin (BTC).
Trump Media and Technology Group Corp., which operates Truth Social, announced on Tuesday th… [+1369 chars]",0.0,0.0,0.9476750493049622,2025-05-28
"{'id': None, 'name': 'newsBTC'}",Aayush Jindal,Dogecoin (DOGE) at Risk — Can Support Hold This Time?,Dogecoin started a fresh decline from the $0.2540 zone against the US Dollar. DOGE is now consolidating losses and might extend losses below $0.2200. DOGE price started a fresh decline below the $0.2420 and $0.2400 levels. The price is trading below the $0.24…,http://www.newsbtc.com/analysis/doge/dogecoin-doge-at-risk-0-2120/,https://www.newsbtc.com/wp-content/uploads/2024/12/Dogecoin-DOGE-Slips.jpg?fit=1792%2C1024,2025-05-28T03:58:12Z,"Aayush Jindal, a luminary in the world of financial markets, whose expertise spans over 15 illustrious years in the realms of Forex and cryptocurrency trading. Renowned for his unparalleled proficien… [+3011 chars]",0.0,0.6692456007003784,0.0,2025-05-28
"{'id': None, 'name': 'Decrypt'}",Vince Dioquino,Ethereum Options Market Signals Cautious Optimism as Open Interest Climbs,"Traders are returning to Ethereum options with split expectations on price targets, even as volatility stays low.",https://decrypt.co/322370/ethereum-options-market-signals-cautious-optimism-open-interest-climbs,https://cdn.decrypt.co/resize/1024/height/512/wp-content/uploads/2025/05/Ethereum-decrypt-style-04-gID_7.jpg,2025-05-28T03:55:55Z,"In brief
<ul><li>Amberdata data shows only a 12% chance of ETH exceeding $5,000 by December 2025.</li><li>Retail traders are targeting $3,000 while institutions eye $3,500 by June.</li><li>Open inte… [+2965 chars]",0.0,0.0,0.6288803815841675,2025-05-28
"{'id': None, 'name': 'Biztoc.com'}",bloomberg.com,Japan Backs AI Chip Startup EdgeCortix in Boost to Defense Tech,,https://biztoc.com/x/93d9f7a3e2d9ac7d,https://biztoc.com/cdn/93d9f7a3e2d9ac7d_s.webp,2025-05-28T03:49:13Z,"{ window.open(this.href, '_blank'); }, 200); return false;""&gt;Why did Tesla sales plunge in Europe? { window.open(this.href, '_blank'); }, 200); return false;""&gt;How will Salesforce's Informatica a… [+984 chars]",0.6262018084526062,0.0,0.0,2025-05-28
"{'id': None, 'name': 'Biztoc.com'}",bloomberg.com,US Issues Limited License for Chevron to Continue in Venezuela,,https://biztoc.com/x/ded236bae514bb3f,https://biztoc.com/cdn/ded236bae514bb3f_s.webp,2025-05-28T03:49:10Z,"{ window.open(this.href, '_blank'); }, 200); return false;""&gt;Why did Tesla sales plunge in Europe? { window.open(this.href, '_blank'); }, 200); return false;""&gt;How will Salesforce's Informatica a… [+983 chars]",0.0,0.0,0.9366411566734314,2025-05-28
"{'id': None, 'name': 'Decrypt'}",Jason Nelson,AI and Crypto Czar David Sacks Says the US Could Buy More Bitcoin,"AI and crypto czar David Sacks touted the Trump administration's early wins during Bitcoin 2025, including the pardon of Ross Ulbricht.",https://decrypt.co/322367/ai-crypto-czar-david-sacks-says-us-could-buy-more-bitcoin,https://cdn.decrypt.co/resize/1024/height/512/wp-content/uploads/2025/03/david-sacks-gID_7.jpg,2025-05-28T03:45:21Z,"In brief
<ul><li>AI and Crypto Czar David Sacks appeared at Bitcoin 2025 in Las Vegas on Tuesday.</li><li>Sacks suggested that the Strategic Bitcoin Reserve can be expanded by buying more Bitcoinif … [+4301 chars]",0.0,0.0,0.7602027058601379,2025-05-28
"{'id': None, 'name': 'GlobeNewswire'}",FioBit,"FioBit Cloud Mining 2025: Trusted AI-Powered Mining Solutions for Earning Bitcoin, Dogecoin & More Safely and Easily","Best AI-Powered Cloud Mining Platform for Bitcoin, Dogecoin & More in 2025 Best AI-Powered Cloud Mining Platform for Bitcoin, Dogecoin & More in 2025",https://www.globenewswire.com/news-release/2025/05/28/3089129/0/en/FioBit-Cloud-Mining-2025-Trusted-AI-Powered-Mining-Solutions-for-Earning-Bitcoin-Dogecoin-More-Safely-and-Easily.html,https://ml.globenewswire.com/Resource/Download/fd780c54-c709-48a0-9ec6-f7107c076fcb,2025-05-28T03:45:00Z,"Sydney, Austrailia, May 27, 2025 (GLOBE NEWSWIRE) -- Using the best AI-powered cloud miners in 2025 to earn Bitcoin and Dogecoin safely and easily is great news for cryptocurrency investment enthusia… [+5335 chars]",0.7852448225021362,0.0,0.0,2025-05-28
"{'id': None, 'name': 'Biztoc.com'}",bloomberg.com,US-Sanctioned Tankers Seen in Russia-to-India Crude Oil Trade,,https://biztoc.com/x/c4d3c155a596e500,https://biztoc.com/cdn/c4d3c155a596e500_s.webp,2025-05-28T03:26:41Z,"{ window.open(this.href, '_blank'); }, 200); return false;""&gt;Why did Tesla sales plunge in Europe? { window.open(this.href, '_blank'); }, 200); return false;""&gt;How will Salesforce's Informatica a… [+982 chars]",0.0,0.0,0.9769399166107178,2025-05-28
"{'id': None, 'name': 'Biztoc.com'}",bloomberg.com,Musk Says He’s ‘Disappointed’ That Trump Tax Bill Raises Deficit,,https://biztoc.com/x/368fbc153a108a42,https://biztoc.com/cdn/368fbc153a108a42_s.webp,2025-05-28T03:26:34Z,"{ window.open(this.href, '_blank'); }, 200); return false;""&gt;Why did Tesla sales plunge in Europe? { window.open(this.href, '_blank'); }, 200); return false;""&gt;How will Salesforce's Informatica a… [+983 chars]",0.0,0.9229555130004883,0.0,2025-05-28
"{'id': None, 'name': 'Cointelegraph'}",Cointelegraph by Martin Young,Jack Dorsey’s Block to bring Bitcoin payments to Square by 2026,"Jack Dorsey’s financial services firm Block, Inc. will launch Bitcoin payments on Square, its payments processing arm, with a rollout to begin later this year before a full launch in 2026.The company announced the plan at the Bitcoin 2025 conference in Las Ve…",https://cointelegraph.com/news/block-inc-bitcoin-payments-square-2026,"https://images.cointelegraph.com/cdn-cgi/image/format=auto,onerror=redirect,quality=90,width=1200/https://s3.cointelegraph.com/uploads/2025-05/01971466-aa40-749f-bd6c-ca903abce86f",2025-05-28T03:21:56Z,"Jack Dorseys financial services firm Block, Inc. will launch Bitcoin payments on Square, its payments processing arm, with a rollout to begin later this year before a full launch in 2026.
The compan… [+2307 chars]",0.0,0.0,0.6682022213935852,2025-05-28
"{'id': None, 'name': 'Biztoc.com'}",benzinga.com,"Bitcoin, Ethereum, Dogecoin Gain After Trump Media's Planned BTC Investment, Consumer Optimism: Analyst Says This Large Crypto Is 'Best Play' In Base Portfolio At The Moment","Leading cryptocurrencies rose Tuesday, helped by improved consumer confidence and the Trump family’s foray into the Bitcoin treasury space.
Cryptocurrency
Gains +/-
Price (Recorded at 9:50 p.m. ET)
Bitcoin (CRYPTO: BTC)
+0.54%
$108,887.61
Ethereum (CRYPTO: ET…",https://biztoc.com/x/685c08e481e386cc,https://biztoc.com/cdn/685c08e481e386cc_s.webp,2025-05-28T03:15:42Z,"Leading cryptocurrencies rose Tuesday, helped by improved consumer confidence and the Trump familys foray into the Bitcoin treasury space.CryptocurrencyGains +/-Price (Recorded at 9:50 p.m. ET)Bitcoi… [+136 chars]",0.6854719519615173,0.0,0.0,2025-05-28
"{'id': None, 'name': 'Biztoc.com'}",bloomberg.com,Nissan Plans $7 Billion Funding With Backing From UK Government,,https://biztoc.com/x/0e3cfddf8e88c544,https://biztoc.com/cdn/0e3cfddf8e88c544_s.webp,2025-05-28T03:15:30Z,"{ window.open(this.href, '_blank'); }, 200); return false;""&gt;Why did Tesla sales plunge in Europe? { window.open(this.href, '_blank'); }, 200); return false;""&gt;How will Salesforce's Informatica a… [+983 chars]",0.0,0.0,0.628761351108551,2025-05-28
"{'id': None, 'name': 'Biztoc.com'}",bloomberg.com,The Billionaire Who Would Revive Generali by Preventing a Deal,,https://biztoc.com/x/8e26182b0334bcf5,https://biztoc.com/cdn/8e26182b0334bcf5_s.webp,2025-05-28T03:04:27Z,"{ window.open(this.href, '_blank'); }, 200); return false;""&gt;Why did Tesla sales plunge in Europe? { window.open(this.href, '_blank'); }, 200); return false;""&gt;How will Salesforce's Informatica a… [+985 chars]",0.0,0.0,0.9227671027183533,2025-05-28
"{'id': None, 'name': 'Biztoc.com'}",investing.com,"Wages in Singapore grew 3.2% in 2024, fewer firms planning increase in 2025",,https://biztoc.com/x/3446433554206dbe,https://biztoc.com/cdn/3446433554206dbe_s.webp,2025-05-28T03:04:26Z,"{ window.open(this.href, '_blank'); }, 200); return false;""&gt;Why did Tesla sales plunge in Europe? { window.open(this.href, '_blank'); }, 200); return false;""&gt;How will Salesforce's Informatica a… [+987 chars]",0.0,0.0,0.8177409768104553,2025-05-28
"{'id': None, 'name': 'Cointelegraph'}",Cointelegraph by Ciaran Lyons,Bitcoin’s ‘aggressive leg higher’ in Q3 still up in the air: Analyst,"Bitcoin’s recent all-time high of $111,970 has sparked optimism among crypto market participants, but whether that carries through into the third quarter of this year remains uncertain, analysts say.“The coming weeks will likely determine whether Bitcoinʼs la…",https://cointelegraph.com/news/bitcoin-price-aggressive-leg-q3-uncertain-bitfinex-analysts,"https://images.cointelegraph.com/cdn-cgi/image/format=auto,onerror=redirect,quality=90,width=1200/https://s3.cointelegraph.com/uploads/2024-11/01936688-c124-7378-be35-79e6aaa0048f",2025-05-28T03:04:21Z,"Bitcoins recent all-time high of $111,970 has sparked optimism among crypto market participants, but whether that carries through into the third quarter of this year remains uncertain, analysts say.… [+3083 chars]",0.0,0.0,0.9630895256996155,2025-05-28
"{'id': None, 'name': 'Biztoc.com'}",investing.com,Super-long JGB yields rise from 3-week lows ahead of 40-year bond auction,,https://biztoc.com/x/4af3c99995a4d8a6,https://biztoc.com/cdn/4af3c99995a4d8a6_s.webp,2025-05-28T03:04:16Z,"{ window.open(this.href, '_blank'); }, 200); return false;""&gt;Why did Tesla sales plunge in Europe? { window.open(this.href, '_blank'); }, 200); return false;""&gt;How will Salesforce's Informatica a… [+985 chars]",0.0,0.0,0.7243049740791321,2025-05-28
"{'id': None, 'name': 'Bitcoinist'}",Ronaldo Marquez,Bitcoin Kidnapping Case: Crypto Entrepreneur Arrested For Torture And Extortion,"John Woeltz was arrested in New York City on Friday for allegedly kidnapping and torturing a man in an attempt to access his Bitcoin (BTC) password. Once celebrated as a rising star in the crypto world, Woeltz, known as the “crypto king of Kentucky,” now face…",https://bitcoinist.com/bitcoin-kidnapping-crypto-entrepreneur-arrested/,https://bitcoinist.com/wp-content/uploads/2024/08/Screenshot_372.jpg,2025-05-28T03:00:45Z,John Woeltz was arrested in New York City on Friday for allegedly kidnapping and torturing a man in an attempt to access his Bitcoin (BTC) password. Once celebrated as a rising star in the crypto wor… [+2815 chars],0.0,0.9603201746940613,0.0,2025-05-28
"{'id': None, 'name': 'newsBTC'}",Jake Simmons,Bitcoin’s Calm Feels Dangerous—All Eyes On Vegas And June Reversal,"Bitcoin hovers between $107,000 and $111,000, a deceptively narrow range that masks an options market bristling with tension. In a note to clients released today, Singapore-based QCP Capital argues that the lull is anything but benign. “Bitcoin’s reaction to …",http://www.newsbtc.com/bitcoin-news/bitcoin-calm-dangerous-vegas-june-reversal/,https://www.newsbtc.com/wp-content/uploads/2025/05/1d583a6d-b89a-47eb-97a9-cbbf5971e5cc.png?fit=1536%2C1024,2025-05-28T03:00:43Z,"Strict editorial policy that focuses on accuracy, relevance, and impartiality
Created by industry experts and meticulously reviewed
The highest standards in reporting and publishing
Strict editori… [+4579 chars]",0.0,0.0,0.7758591175079346,2025-05-28
"{'id': None, 'name': 'Ambcrypto.com'}",Ritika Gupta,Bitcoin whale wallets stir on Binance – Warning signs ahead for you?,"Ignore Binance whales, and you may miss the market’s next move.",https://ambcrypto.com/bitcoin-whale-wallets-stir-on-binance-warning-signs-ahead-for-you/,https://ambcrypto.com/wp-content/uploads/2025/05/Ritika-10-1000x600.webp,2025-05-28T03:00:06Z,"<ul><li>Bitcoins rally has been resilient, fueled by FOMO and strong holder conviction</li><li>Exchange Whale Ratio serves as a critical market pulse check for BTC</li></ul>Bitcoins weekly performanc… [+2552 chars]",0.0,0.0,0.5309147834777832,2025-05-28
"{'id': None, 'name': 'Biztoc.com'}",bloomberg.com,Brazil Sues EV Giant BYD Over ‘Slavery’ Conditions at Plant,,https://biztoc.com/x/bbcf2512dfbe5929,https://biztoc.com/cdn/bbcf2512dfbe5929_s.webp,2025-05-28T02:53:39Z,"{ window.open(this.href, '_blank'); }, 200); return false;""&gt;Why did Tesla sales plunge in Europe? { window.open(this.href, '_blank'); }, 200); return false;""&gt;How will Salesforce's Informatica a… [+978 chars]",0.0,0.9291361570358276,0.0,2025-05-28
"{'id': None, 'name': 'Biztoc.com'}",theblock.co,IMF to ‘ensure’ that El Salvador does not buy any more bitcoin,"President Bukele has yet to address the IMF's bitcoin purchase restrictions, clouding El Salvador's future bitcoin strategy.",https://biztoc.com/x/3e1041030a51b3b9,https://biztoc.com/cdn/3e1041030a51b3b9_s.webp,2025-05-28T02:53:26Z,"President Bukele has yet to address the IMF's bitcoin purchase restrictions, clouding El Salvador's future bitcoin strategy.
This story appeared on theblock.co, 2025-05-28 02:50:34.",0.0,0.0,0.9428349137306213,2025-05-28
"{'id': None, 'name': 'Biztoc.com'}",bloomberg.com,Indian Stock Bulls Count on June For Sustained Gains,,https://biztoc.com/x/f5a6e86ff490f707,https://biztoc.com/cdn/f5a6e86ff490f707_s.webp,2025-05-28T02:53:24Z,"{ window.open(this.href, '_blank'); }, 200); return false;""&gt;Why did Tesla sales plunge in Europe? { window.open(this.href, '_blank'); }, 200); return false;""&gt;How will Salesforce's Informatica a… [+984 chars]",0.6337474584579468,0.0,0.0,2025-05-28
"{'id': None, 'name': 'Biztoc.com'}",bloomberg.com,Ueda Vows to Watch Risks of Ripple Effects From Long-Yield Surge,,https://biztoc.com/x/54f765d29dc5dab1,https://biztoc.com/cdn/54f765d29dc5dab1_s.webp,2025-05-28T02:53:11Z,"{ window.open(this.href, '_blank'); }, 200); return false;""&gt;Why did Tesla sales plunge in Europe? { window.open(this.href, '_blank'); }, 200); return false;""&gt;How will Salesforce's Informatica a… [+985 chars]",0.0,0.0,0.9271822571754456,2025-05-28
"{'id': None, 'name': 'International Business Times'}",Isaiah Richard,"Trump Media to Raise $2.5 Billion With Plans to Buy Crypto, Create 'Bitcoin Treasury'",The Trump Media and Technology Group is raising $2.5 billion for buying crypto and creating its so-called Bitcoin Treasury.,https://www.ibtimes.com/trump-media-raise-25-billion-plans-buy-crypto-create-bitcoin-treasury-3774647,https://d.ibtimes.com/en/full/4603163/bitcoin.jpg,2025-05-28T02:43:00Z,"The Trump Media and Technology Group has announced that it is now raising $2.5 billion for its plans to buy cryptocurrency, investing heavily in the top crypto in the market, Bitcoin.
The company re… [+3026 chars]",0.0,0.0,0.6932690143585205,2025-05-28
"{'id': None, 'name': 'Biztoc.com'}",bloomberg.com,Hong Kong Asks Pensions to Form Plans In Case of US Rating Tweak,,https://biztoc.com/x/c1c50ca5b0d994b2,https://biztoc.com/cdn/c1c50ca5b0d994b2_s.webp,2025-05-28T02:42:21Z,"{ window.open(this.href, '_blank'); }, 200); return false;""&gt;Why did Tesla sales plunge in Europe? { window.open(this.href, '_blank'); }, 200); return false;""&gt;How will Salesforce's Informatica a… [+985 chars]",0.0,0.0,0.9687460064888,2025-05-28
"{'id': None, 'name': 'Biztoc.com'}",nytimes.com,"Under RFK Jr., the CDC Says Healthy Children Don’t Need Covid Vaccines. Is That True?",,https://biztoc.com/x/7902b6112d0f2aa3,https://biztoc.com/cdn/948/og.png,2025-05-28T02:42:19Z,"{ window.open(this.href, '_blank'); }, 200); return false;""&gt;Why did Tesla sales plunge in Europe? { window.open(this.href, '_blank'); }, 200); return false;""&gt;How will Salesforce's Informatica a… [+952 chars]",0.0,0.0,0.8899414539337158,2025-05-28
"{'id': None, 'name': 'Biztoc.com'}",bloomberg.com,Japan’s Taiyo Gets Buyout Proposals From Firms Including KKR,,https://biztoc.com/x/84a62da379155252,https://biztoc.com/cdn/84a62da379155252_s.webp,2025-05-28T02:42:18Z,"{ window.open(this.href, '_blank'); }, 200); return false;""&gt;Why did Tesla sales plunge in Europe? { window.open(this.href, '_blank'); }, 200); return false;""&gt;How will Salesforce's Informatica a… [+982 chars]",0.0,0.0,0.9527226090431213,2025-05-28
"{'id': None, 'name': 'Biztoc.com'}",investing.com,"NZ central bank cuts rates 25 bps, flags more easing amid rising global risks",,https://biztoc.com/x/f04fe7d6db300f40,https://biztoc.com/cdn/f04fe7d6db300f40_s.webp,2025-05-28T02:42:13Z,"{ window.open(this.href, '_blank'); }, 200); return false;""&gt;Why did Tesla sales plunge in Europe? { window.open(this.href, '_blank'); }, 200); return false;""&gt;How will Salesforce's Informatica a… [+964 chars]",0.0,0.0,0.8458571434020996,2025-05-28
"{'id': None, 'name': 'Biztoc.com'}",reuters.com,Super-long JGB yields rise from 3-week lows ahead of 40-year bond auction,,https://biztoc.com/x/6cbfda83f9a81bbb,https://biztoc.com/cdn/6cbfda83f9a81bbb_s.webp,2025-05-28T02:42:13Z,"{ window.open(this.href, '_blank'); }, 200); return false;""&gt;Why did Tesla sales plunge in Europe? { window.open(this.href, '_blank'); }, 200); return false;""&gt;How will Salesforce's Informatica a… [+977 chars]",0.0,0.0,0.7243049740791321,2025-05-28
"{'id': None, 'name': 'Biztoc.com'}",investing.com,"RBNZ cuts interest rates by 25 bps as expected, cites global trade risks",,https://biztoc.com/x/027bdddd5fd8b2b0,https://biztoc.com/cdn/948/og.png,2025-05-28T02:41:59Z,"{ window.open(this.href, '_blank'); }, 200); return false;""&gt;Why did Tesla sales plunge in Europe? { window.open(this.href, '_blank'); }, 200); return false;""&gt;How will Salesforce's Informatica a… [+986 chars]",0.0,0.0,0.5112265944480896,2025-05-28
"{'id': None, 'name': 'Biztoc.com'}",bloomberg.com,China’s Top Commodities Bourse Plans Full Access for Foreigners,,https://biztoc.com/x/95a10cbc091006fd,https://biztoc.com/cdn/95a10cbc091006fd_s.webp,2025-05-28T02:41:55Z,"{ window.open(this.href, '_blank'); }, 200); return false;""&gt;Why did Tesla sales plunge in Europe? { window.open(this.href, '_blank'); }, 200); return false;""&gt;How will Salesforce's Informatica a… [+984 chars]",0.0,0.0,0.8410346508026123,2025-05-28
"{'id': None, 'name': 'Biztoc.com'}",reuters.com,Saudi Arabia may drop July oil prices to Asia to 6-month lows after OPEC+ boosts supply,,https://biztoc.com/x/b72312305707d2c0,https://biztoc.com/cdn/948/og.png,2025-05-28T02:31:07Z,"{ window.open(this.href, '_blank'); }, 200); return false;""&gt;Why did Tesla sales plunge in Europe? { window.open(this.href, '_blank'); }, 200); return false;""&gt;How will Salesforce's Informatica a… [+1003 chars]",0.0,0.0,0.8247091770172119,2025-05-28
"{'id': None, 'name': 'Ambcrypto.com'}",Benjamin Njiri,Solana co-founder’s personal data leaked in Migos Instagram hack amid blackmail threat,Crypto hacks increased by over 130% in Q1 2025.,https://ambcrypto.com/solana-co-founders-personal-data-leaked-in-migos-instagram-hack-amid-blackmail-threat/,https://ambcrypto.com/wp-content/uploads/2025/05/Solana-co-founder-WP-1000x600.jpg,2025-05-28T02:30:18Z,<ul><li>Sensitive data belonging to Solana’s co-founder and his wife was leaked on social media</li><li>Crypto losses from hacks increased by 131% in Q1 2025</li></ul>Solana [SOL] co-founder Raj Goka… [+2393 chars],0.0,0.8389602303504944,0.0,2025-05-28
"{'id': None, 'name': 'newsBTC'}",Aayush Jindal,XRP Price Struggles to Stay Afloat — Is a Breakdown Coming?,XRP price started a fresh decline from the $2.380 zone. The price is now moving lower and is currently at risk of more losses below $2.280. XRP price started a fresh decline below the $2.320 zone. The price is now trading below $2.3350 and the 100-hourly Simp…,http://www.newsbtc.com/analysis/xrp/xrp-price-struggles-2-40/,https://www.newsbtc.com/wp-content/uploads/2025/02/XRP-Price-Wobbles-at-2.0.jpg?fit=1792%2C1024,2025-05-28T02:28:29Z,"Aayush Jindal, a luminary in the world of financial markets, whose expertise spans over 15 illustrious years in the realms of Forex and cryptocurrency trading. Renowned for his unparalleled proficien… [+3011 chars]",0.0,0.6363415122032166,0.0,2025-05-28
"{'id': None, 'name': 'Biztoc.com'}",bloomberg.com,New Zealand Delivers Sixth Rate Cut to Spur Economic Recovery,,https://biztoc.com/x/718d721dbf3697cb,https://biztoc.com/cdn/718d721dbf3697cb_s.webp,2025-05-28T02:19:54Z,"{ window.open(this.href, '_blank'); }, 200); return false;""&gt;Why did Tesla sales plunge in Europe? { window.open(this.href, '_blank'); }, 200); return false;""&gt;How will Salesforce's Informatica a… [+982 chars]",0.0,0.0,0.87692791223526,2025-05-28
"{'id': None, 'name': 'Cointelegraph'}",Cointelegraph by Stephen Katte,Real-world assets could revitalize dying NFT lending market: DappRadar,"Real-world assets linking up with non-fungible tokens (NFTs) is one of a few key catalysts that could reignite the waning NFT lending sector, which is suffering from a collapse in volumes and user activity, says blockchain analytics platform DappRadar.Volumes…",https://cointelegraph.com/news/real-world-assets-revitalize-dying-nft-lending-dappradar,"https://images.cointelegraph.com/cdn-cgi/image/format=auto,onerror=redirect,quality=90,width=1200/https://s3.cointelegraph.com/uploads/2025-05/019713fa-ea38-713a-b2ab-7e01f543ae30",2025-05-28T02:11:48Z,"Real-world assets linking up with non-fungible tokens (NFTs) is one of a few key catalysts that could reignite the waning NFT lending sector, which is suffering from a collapse in volumes and user ac… [+3289 chars]",0.5835886001586914,0.0,0.0,2025-05-28
"{'id': None, 'name': 'Biztoc.com'}",investing.com,Japan's government to pledge 'nimble' fiscal action in policy guidelines,,https://biztoc.com/x/26e416be993955e9,https://biztoc.com/cdn/26e416be993955e9_s.webp,2025-05-28T02:09:00Z,"{ window.open(this.href, '_blank'); }, 200); return false;""&gt;Why did Tesla sales plunge in Europe? { window.open(this.href, '_blank'); }, 200); return false;""&gt;How will Salesforce's Informatica a… [+984 chars]",0.0,0.0,0.9388465285301208,2025-05-28
"{'id': None, 'name': 'Biztoc.com'}",bloomberg.com,China Deflation Worry Deepens Among Economists After Trade Truce,,https://biztoc.com/x/0432640a67affcc6,https://biztoc.com/cdn/0432640a67affcc6_s.webp,2025-05-28T02:08:58Z,"{ window.open(this.href, '_blank'); }, 200); return false;""&gt;Why did Tesla sales plunge in Europe? { window.open(this.href, '_blank'); }, 200); return false;""&gt;How will Salesforce's Informatica a… [+985 chars]",0.0,0.8537441492080688,0.0,2025-05-28
"{'id': None, 'name': 'Biztoc.com'}",investing.com,"Yen drifts ahead of Japan bond auction, dollar steady",,https://biztoc.com/x/a4fa12098079f934,https://biztoc.com/cdn/a4fa12098079f934_s.webp,2025-05-28T02:08:51Z,"{ window.open(this.href, '_blank'); }, 200); return false;""&gt;Why did Tesla sales plunge in Europe? { window.open(this.href, '_blank'); }, 200); return false;""&gt;How will Salesforce's Informatica a… [+967 chars]",0.0,0.0,0.8310821056365967,2025-05-28
"{'id': None, 'name': 'Biztoc.com'}",bloomberg.com,"Australia’s Monthly CPI Higher Than Estimates, Aussie Edges Up",,https://biztoc.com/x/90106f1cb2fbaa6e,https://biztoc.com/cdn/90106f1cb2fbaa6e_s.webp,2025-05-28T02:08:34Z,"{ window.open(this.href, '_blank'); }, 200); return false;""&gt;Why did Tesla sales plunge in Europe? { window.open(this.href, '_blank'); }, 200); return false;""&gt;How will Salesforce's Informatica a… [+982 chars]",0.0,0.0,0.730658233165741,2025-05-28
"{'id': None, 'name': 'Biztoc.com'}",benzinga.com,Donald Trump Jr. Says We Are 'Seriously Long' Bitcoin And After TMTG Reveals Treasury Strategy,"Donald Trump Jr., the executive vice president of The Trump Organization, said Monday that the conglomerate is “seriously long” on Bitcoin (CRYPTO: BTC) following the Trump Media & Technology Group’s (NASDAQ:DJT) announcement to raise $2.5 billion to invest i…",https://biztoc.com/x/f2d90072aae1985f,https://biztoc.com/cdn/f2d90072aae1985f_s.webp,2025-05-28T02:08:29Z,"Donald Trump Jr., the executive vice president of The Trump Organization, said Monday that the conglomerate is seriously long on Bitcoin (CRYPTO: BTC) following the Trump Media &amp; Technology Group… [+132 chars]",0.0,0.0,0.8488218188285828,2025-05-28
"{'id': None, 'name': 'newsBTC'}",Ash Tiwari,"Bitcoin Sees Massive 7,883 BTC Outflow From Coinbase – Are Institutions Loading Up?","As Bitcoin (BTC) continues to trade near its recent all-time high (ATH) of $111,980, activity on major crypto exchanges suggests that institutional investors may be strengthening their BTC holdings. Most notably, Coinbase – the leading US-based crypto exchang…",http://www.newsbtc.com/bitcoin-news/bitcoin-sees-massive-7883-btc-outflow-from-coinbase-are-institutions-loading-up/,https://www.newsbtc.com/wp-content/uploads/2025/05/bitcoin_c7aecc.jpg?fit=1920%2C1280,2025-05-28T02:00:49Z,"Strict editorial policy that focuses on accuracy, relevance, and impartiality
Created by industry experts and meticulously reviewed
The highest standards in reporting and publishing
Strict editori… [+3334 chars]",0.5872948169708252,0.0,0.0,2025-05-28
"{'id': None, 'name': 'newsBTC'}",Keshav Verma,How Does Bitcoin Investor Behavior Shape Trends? Glassnode Reveals,"The on-chain analytics firm Glassnode has explained how Bitcoin investor behavior tends to reflect in price trend reversals and continuations. Glassnode Highlights Key Behavioral Patterns Behind Bitcoin Moves In a new thread on X, Glassnode has shared a new w…",http://www.newsbtc.com/bitcoin-news/bitcoin-investor-behavior-shape-trends-glassnode/,https://www.newsbtc.com/wp-content/uploads/2025/05/btc_2861af.png?fit=1792%2C1024,2025-05-28T02:00:32Z,"Keshav is currently a senior writer at NewsBTC and has been attached to the website since June 14, 2021. Keshav has been writing for many years, first as a hobbyist and later as a freelancer. He has … [+2820 chars]",0.0,0.0,0.9557508230209351,2025-05-28
"{'id': None, 'name': 'newsBTC'}",Aayush Jindal,Ethereum Price Rallies as Bitcoin Takes a Breather — Is ETH Leading the Charge?,"Ethereum price found support at $2,460 and started a fresh increase. ETH is now up over 5% and might attempt to clear the $2,720 resistance. Ethereum started a decent increase above the $2,550 and $2,620 levels. The price is trading near $2,580 and the 100-ho…",http://www.newsbtc.com/analysis/eth/ethereum-price-rallies-2720/,https://www.newsbtc.com/wp-content/uploads/2025/02/Ethereum-Price-Gearing-Up-for-Gains.jpg?fit=1792%2C1024,2025-05-28T01:58:47Z,"Strict editorial policy that focuses on accuracy, relevance, and impartiality
Created by industry experts and meticulously reviewed
The highest standards in reporting and publishing
Strict editori… [+2689 chars]",0.0,0.0,0.7140600681304932,2025-05-28
"{'id': None, 'name': 'Crypto Briefing'}",Vivian Nguyen,"Jack Dorsey’s Block to bring Bitcoin payments to Square, with full rollout set for 2026","Block's Bitcoin integration could revolutionize digital payments, enhancing transaction speed and cost-efficiency for global businesses.
The post Jack Dorsey’s Block to bring Bitcoin payments to Square, with full rollout set for 2026 appeared first on Crypto …",https://cryptobriefing.com/bitcoin-payments-square-rollout-2026/,https://static.cryptobriefing.com/wp-content/uploads/2024/08/07080752/Jack-Dorsey-800x420.png,2025-05-28T01:46:48Z,"Key Takeaways
<ul><li>Block will integrate Bitcoin payments into Square by 2026 using the Lightning Network.</li><li>The Bitcoin payments feature will allow near-instantaneous, low-cost transactions… [+1907 chars]",0.0,0.0,0.6181394457817078,2025-05-28
"{'id': None, 'name': 'Biztoc.com'}",bloomberg.com,Japan Pauses Stockpile Sales as Retailers Snap Up Rice,,https://biztoc.com/x/b0e10bb128d7ff63,https://biztoc.com/cdn/b0e10bb128d7ff63_s.webp,2025-05-28T01:46:43Z,"{ window.open(this.href, '_blank'); }, 200); return false;""&gt;Why did Tesla sales drop sharply in Europe? { window.open(this.href, '_blank'); }, 200); return false;""&gt;How will Salesforce's Informa… [+1025 chars]",0.0,0.0,0.9740680456161499,2025-05-28
"{'id': None, 'name': 'Biztoc.com'}",coindesk.com,Asia Morning Briefing: Bitcoin Becomes ‘Generational Asset’ as Speculators Ditch Rolexes,"Good Morning, Asia. Here's what's making news in the markets:
Welcome to Asia Morning Briefing, a daily summary of top stories during U.S. hours and an overview of market moves and analysis. For a detailed overview of U.S. markets, see CoinDesk's Crypto Daybo…",https://biztoc.com/x/8952e10b303d6d9a,https://biztoc.com/cdn/8952e10b303d6d9a_s.webp,2025-05-28T01:46:36Z,"Good Morning, Asia. Here's what's making news in the markets:Welcome to Asia Morning Briefing, a daily summary of top stories during U.S. hours and an overview of market moves and analysis. For a det… [+144 chars]",0.0,0.0,0.8306537866592407,2025-05-28
"{'id': None, 'name': 'Biztoc.com'}",bloomberg.com,Baidu-Backed AI 3D Game Creator Seele Seeks New Funding,,https://biztoc.com/x/c5fde372cb7a8fe0,https://biztoc.com/cdn/c5fde372cb7a8fe0_s.webp,2025-05-28T01:46:34Z,"{ window.open(this.href, '_blank'); }, 200); return false;""&gt;Why did Tesla sales drop sharply in Europe? { window.open(this.href, '_blank'); }, 200); return false;""&gt;How will Salesforce's Informa… [+1026 chars]",0.0,0.0,0.8269693851470947,2025-05-28
"{'id': None, 'name': 'Biztoc.com'}",bloomberg.com,Fed’s Williams Says Pandemic Changed Inflation Perceptions,,https://biztoc.com/x/cd6298474fd8299b,https://biztoc.com/cdn/cd6298474fd8299b_s.webp,2025-05-28T01:46:31Z,"{ window.open(this.href, '_blank'); }, 200); return false;""&gt;Why did Tesla sales drop sharply in Europe? { window.open(this.href, '_blank'); }, 200); return false;""&gt;How will Salesforce's Informa… [+1029 chars]",0.0,0.0,0.9243462085723877,2025-05-28
"{'id': None, 'name': 'Biztoc.com'}",coindesk.com,"Donald Trump Jr. Says Getting ‘Debanked, De-Insured, De-Everything’ Orange-Pilled Him","LAS VEGAS, Nevada — Donald Trump Jr., the eldest son of U.S. President Donald Trump, said he and his younger brother Eric Trump “orange-pilled” their father after the family and its organization experienced pervasive de-banking in the wake of Trump’s first pr…",https://biztoc.com/x/0b8b14512bb4bc54,https://biztoc.com/cdn/0b8b14512bb4bc54_s.webp,2025-05-28T01:46:25Z,"LAS VEGAS, Nevada Donald Trump Jr., the eldest son of U.S. President Donald Trump, said he and his younger brother Eric Trump orange-pilled their father after the family and its organization experien… [+140 chars]",0.0,0.7489403486251831,0.0,2025-05-28
"{'id': None, 'name': 'Biztoc.com'}",bloomberg.com,China Bank Touts Wall Street Internship for $1 Million Deposit,,https://biztoc.com/x/0de36c63cd06305b,https://biztoc.com/cdn/0de36c63cd06305b_s.webp,2025-05-28T01:46:21Z,"{ window.open(this.href, '_blank'); }, 200); return false;""&gt;Why did Tesla sales drop sharply in Europe? { window.open(this.href, '_blank'); }, 200); return false;""&gt;How will Salesforce's Informa… [+1032 chars]",0.0,0.0,0.9760871529579163,2025-05-28
"{'id': None, 'name': 'Memeorandum.com'}",,Vance to headline Vegas fundraiser for Trump PAC costing $1 million per head (Natalie Allison/Washington Post),"Natalie Allison / Washington Post:
Vance to headline Vegas fundraiser for Trump PAC costing $1 million per head  —  The exclusive fundraiser is taking place the night before Vance is scheduled to speak at the Bitcoin 2025 Conference in Las Vegas.  —  Vice Pre…",https://www.memeorandum.com/250527/p147,https://www.washingtonpost.com/wp-apps/imrs.php?src=https://arc-anglerfish-washpost-prod-washpost.s3.amazonaws.com/public/UWVHZD6HJ6SZBQEFYMKEGV7QKA_size-normalized.JPG&w=1440,2025-05-28T01:40:01Z,"memeorandum is an auto-generated summary of the stories that US political commentators are discussing online right now.
Unlike sister sites Techmeme and Mediagazer, it is not a human-edited news out… [+72 chars]",0.0,0.0,0.9744167923927307,2025-05-28
"{'id': None, 'name': 'Biztoc.com'}",bloomberg.com,India Bonds Are a Buy for Citi on Diverging Rates Policy With US,,https://biztoc.com/x/daf5aafda91f8e85,https://biztoc.com/cdn/daf5aafda91f8e85_s.webp,2025-05-28T01:35:21Z,"{ window.open(this.href, '_blank'); }, 200); return false;""&gt;Why did Tesla sales drop sharply in Europe? { window.open(this.href, '_blank'); }, 200); return false;""&gt;How will Salesforce's Informa… [+1035 chars]",0.0,0.0,0.9025798439979553,2025-05-28
"{'id': None, 'name': 'Biztoc.com'}",reuters.com,Shares of China's Xiaomi set to rise 2.3% after reporting record profit,,https://biztoc.com/x/11843e13cf55b526,https://biztoc.com/cdn/11843e13cf55b526_s.webp,2025-05-28T01:35:15Z,"{ window.open(this.href, '_blank'); }, 200); return false;""&gt;Why did Tesla sales drop sharply in Europe? { window.open(this.href, '_blank'); }, 200); return false;""&gt;How will Salesforce's Informa… [+1045 chars]",0.8385441899299622,0.0,0.0,2025-05-28
"{'id': None, 'name': 'CoinDesk'}","AI Boost, Sam Reynolds",Asia Morning Briefing: Bitcoin Becomes ‘Generational Asset’ as Speculators Ditch Rolexes,"PLUS: ETH's rally might be in its early stages, but there are a few headwinds holding it back",https://www.coindesk.com/markets/2025/05/27/asia-morning-briefing-bitcoin-becomes-generational-asset-as-speculators-ditch-rolexes,https://cdn.sanity.io/images/s3y3vcno/production/7fb95ecfe8a35288e0c4c71be1d469d76a0722c1-1920x1570.jpg,2025-05-28T01:33:04Z,"Welcome to Asia Morning Briefing, a daily summary of top stories during U.S. hours and an overview of market moves and analysis. For a detailed overview of U.S. markets, see CoinDesk's Crypto Daybook… [+6194 chars]",0.0,0.0,0.8306537866592407,2025-05-28
"{'id': None, 'name': 'Yahoo Entertainment'}",,Asia Morning Briefing: Bitcoin Becomes ‘Generational Asset’ as Speculators Ditch Rolexes,,https://consent.yahoo.com/v2/collectConsent?sessionId=1_cc-session_e79711e9-1244-4398-814c-0e7cbbe9d15c,,2025-05-28T01:33:04Z,"If you click 'Accept all', we and our partners, including 241 who are part of the IAB Transparency &amp; Consent Framework, will also store and/or access information on a device (in other words, use … [+714 chars]",0.0,0.0,0.8306537866592407,2025-05-28
"{'id': None, 'name': 'Biztoc.com'}",reuters.com,Oil prices inch up as U.S. bans Chevron from exporting Venezuelan crude,,https://biztoc.com/x/e22f9ad027e408f6,https://biztoc.com/cdn/e22f9ad027e408f6_s.webp,2025-05-28T01:24:18Z,"{ window.open(this.href, '_blank'); }, 200); return false;""&gt;Why did Tesla sales drop sharply in Europe? { window.open(this.href, '_blank'); }, 200); return false;""&gt;How will Salesforce's Informa… [+1030 chars]",0.0,0.8143545985221863,0.0,2025-05-28
"{'id': None, 'name': 'newsBTC'}",Aayush Jindal,Bitcoin Price Consolidates Gains — Is a Breakout Brewing in the Range?,"Bitcoin price started a fresh increase above the $108,000 zone. BTC is now consolidating gains and might aim for a move above $110,750 Bitcoin started a fresh upward move above the $108,000 zone. The price is trading above $108,000 and the 100 hourly Simple m…",http://www.newsbtc.com/analysis/btc/bitcoin-price-consolidates-108k/,https://www.newsbtc.com/wp-content/uploads/2025/03/Bitcoin-Price-Attempts-a-Comeback.jpg,2025-05-28T01:17:49Z,"Strict editorial policy that focuses on accuracy, relevance, and impartiality
Created by industry experts and meticulously reviewed
The highest standards in reporting and publishing
Strict editori… [+2628 chars]",0.6831455826759338,0.0,0.0,2025-05-28
"{'id': None, 'name': 'Biztoc.com'}",investing.com,Fed's Williams calls for strong response if inflation deviates from target,,https://biztoc.com/x/0f948f71683d5a87,https://biztoc.com/cdn/0f948f71683d5a87_s.webp,2025-05-28T01:13:28Z,"{ window.open(this.href, '_blank'); }, 200); return false;""&gt;Why did Tesla sales drop sharply in Europe? { window.open(this.href, '_blank'); }, 200); return false;""&gt;How will Salesforce's Informa… [+1038 chars]",0.0,0.0,0.8839613795280457,2025-05-28
"{'id': None, 'name': 'Biztoc.com'}",investing.com,BOJ governor says swings in super-long yields could impact shorter durations,,https://biztoc.com/x/54c4858a971d1d18,https://biztoc.com/cdn/54c4858a971d1d18_s.webp,2025-05-28T01:13:13Z,"{ window.open(this.href, '_blank'); }, 200); return false;""&gt;Why did Tesla sales drop sharply in Europe? { window.open(this.href, '_blank'); }, 200); return false;""&gt;How will Salesforce's Informa… [+1040 chars]",0.0,0.0,0.8191583752632141,2025-05-28
"{'id': None, 'name': 'Biztoc.com'}",thestreet.com,S&P 500 surges after surprising consumer confidence report,,https://biztoc.com/x/0a3f237936046ddf,https://biztoc.com/cdn/948/og.png,2025-05-28T01:12:56Z,"{ window.open(this.href, '_blank'); }, 200); return false;""&gt;Why did Tesla sales drop sharply in Europe? { window.open(this.href, '_blank'); }, 200); return false;""&gt;How will Salesforce's Informa… [+1021 chars]",0.8608245849609375,0.0,0.0,2025-05-28
"{'id': None, 'name': 'GlobeNewswire'}",Miningcoop,"Miningcoop Becomes the Leading Cloud Mining Platform of 2025, Offering Legally Compliant, Flexible, and Zero-Hardware Crypto Mining Contracts","As global demand for passive crypto income surges, Miningcoop stands out as a trusted and fully licensed platform offering flexible short-term contracts, mobile-friendly mining, and multi-coin options (BTC, ETH, DOGE). With no hardware required and daily payo…",https://www.globenewswire.com/news-release/2025/05/28/3089110/0/en/Miningcoop-Becomes-the-Leading-Cloud-Mining-Platform-of-2025-Offering-Legally-Compliant-Flexible-and-Zero-Hardware-Crypto-Mining-Contracts.html,https://ml.globenewswire.com/Resource/Download/5ba22405-c629-4dbb-836b-042b6e98b483,2025-05-28T01:10:00Z,"London, UK, May 27, 2025 (GLOBE NEWSWIRE) -- In the face of increasingly complex global economic conditions and regulatory scrutiny, Miningcoop, a global leader in cloud mining, is rapidly rising to … [+4992 chars]",0.792702853679657,0.0,0.0,2025-05-28
"{'id': None, 'name': 'CoinDesk'}",Cheyenne Ligon,"Donald Trump Jr. Says Getting ‘Debanked, De-Insured, De-Everything’ Orange-Pilled Him","The eldest son of U.S. President Donald Trump said his family’s interest in crypto was, at least at first, “a product of necessity.”",https://www.coindesk.com/policy/2025/05/27/donald-trump-jr-says-getting-debanked-de-insured-de-everything-orange-pilled-him,https://cdn.sanity.io/images/s3y3vcno/production/e0cb3d68d9cdd4b84e04c2bf09779a970e015025-7637x5228.jpg,2025-05-28T01:08:06Z,"LAS VEGAS, Nevada  Donald Trump Jr., the eldest son of U.S. President Donald Trump, said he and his younger brother Eric Trump orange-pilled their father after the family and its organization experie… [+2622 chars]",0.0,0.7489403486251831,0.0,2025-05-28
"{'id': None, 'name': 'Cointelegraph'}",Cointelegraph by Brayden Lindrea,"Nasdaq files for 21Shares Sui ETF, kicking off SEC review","Nasdaq has filed for crypto asset manager 21Shares to list a spot Sui exchange-traded fund (ETF) in the US, initiating the Securities and Exchange Commission’s review process.The stock market’s May 23 19b-4 filing, which asks the SEC to list the 21Shares SUI …",https://cointelegraph.com/news/nasdaq-files-21-shares-sui-etf-sec-review,"https://images.cointelegraph.com/cdn-cgi/image/format=auto,onerror=redirect,quality=90,width=1200/https://s3.cointelegraph.com/uploads/2025-05/0197140f-7121-760f-b190-2bca8ab2cd4d",2025-05-28T01:05:22Z,"Nasdaq has filed for crypto asset manager 21Shares to list a spot Sui exchange-traded fund (ETF) in the US, initiating the Securities and Exchange Commissions review process.
The stock markets May 2… [+2092 chars]",0.0,0.0,0.9731849431991577,2025-05-28
"{'id': None, 'name': 'Forbes'}","Javier Bastardo, Contributor, 
 Javier Bastardo, Contributor
 https://www.forbes.com/sites/javierbastardo/","According To The IMF, El Salvador’s Bitcoin Holdings Remain Unchanged","According to the IMF, El Salvador’s Bitcoin holdings remain unchanged as part of a $1.4B agreement that included Chivo wallet shutdown and Bitcoin law reform.",https://www.forbes.com/sites/digital-assets/2025/05/27/according-to-the-imf-el-salvadors-bitcoin-holdings-remain-unchanged/,https://imageio.forbes.com/specials-images/imageserve/68365da7c07388a43c99ec42/0x0.jpg?format=jpg&height=900&width=1600&fit=bounds,2025-05-28T01:04:53Z,"WASHINGTON, DC - APRIL 14: U.S. President Donald Trump meets with President Nayib Bukele of El ... More Salvador in the Oval Office of the White House April 14, 2025 in Washington, DC. Trump and Buke… [+3316 chars]",0.0,0.0,0.9593418836593628,2025-05-28
"{'id': None, 'name': 'Biztoc.com'}",reuters.com,BOJ governor says swings in super-long yields could impact shorter durations,,https://biztoc.com/x/7479fa385fff39c9,https://biztoc.com/cdn/948/og.png,2025-05-28T01:02:25Z,"{ window.open(this.href, '_blank'); }, 200); return false;""&gt;Why did Tesla sales drop sharply in Europe? { window.open(this.href, '_blank'); }, 200); return false;""&gt;How will Salesforce's Informa… [+1039 chars]",0.0,0.0,0.8191583752632141,2025-05-28
"{'id': None, 'name': 'Biztoc.com'}",bloomberg.com,Hit Hong Kong Movie ‘Four Trails’ in Talks Over Worldwide Distribution,,https://biztoc.com/x/ef3a7c271f108641,https://biztoc.com/cdn/ef3a7c271f108641_s.webp,2025-05-28T01:02:05Z,"{ window.open(this.href, '_blank'); }, 200); return false;""&gt;Why did Tesla sales drop sharply in Europe? { window.open(this.href, '_blank'); }, 200); return false;""&gt;How will Salesforce's Informa… [+1039 chars]",0.0,0.0,0.9615345001220703,2025-05-28
"{'id': None, 'name': 'Biztoc.com'}",bloomberg.com,UBS’s Khan Sees Rich Customer Demand for Alternative Assets,,https://biztoc.com/x/a4fa9914aa574f00,https://biztoc.com/cdn/a4fa9914aa574f00_s.webp,2025-05-28T01:01:55Z,"{ window.open(this.href, '_blank'); }, 200); return false;""&gt;Why did Tesla sales drop sharply in Europe? { window.open(this.href, '_blank'); }, 200); return false;""&gt;How will Salesforce's Informa… [+1030 chars]",0.6227461099624634,0.0,0.0,2025-05-28
"{'id': None, 'name': 'Biztoc.com'}",reuters.com,Singapore's CapitaLand Ascendas REIT to buy two properties for $543.6 million,,https://biztoc.com/x/45dfebaed8a03024,https://biztoc.com/cdn/45dfebaed8a03024_s.webp,2025-05-28T01:01:43Z,"{ window.open(this.href, '_blank'); }, 200); return false;""&gt;Why did Tesla sales drop sharply in Europe? { window.open(this.href, '_blank'); }, 200); return false;""&gt;How will Salesforce's Informa… [+1033 chars]",0.0,0.0,0.9491673111915588,2025-05-28
"{'id': None, 'name': 'newsBTC'}",Christian Encila,Insane Bitcoin Surge Incoming? Expert’s Weekend Prediction Raises Eyebrows,"Bitcoin’s price swung wildly this week. It jumped past $111,900 on May 22, then fell to about $106,683 by May 25. Now, it’s trading around $109,060—a 0.74% dip over 24 hours but still up 3.30% on the week. Related Reading: XRP ETF At 83% Approval Odds—Is The …",http://www.newsbtc.com/news/bitcoin/insane-bitcoin-surge-incoming-experts-weekend-prediction-raises-eyebrows/,https://www.newsbtc.com/wp-content/uploads/2025/05/a_177bdd.jpg?fit=3000%2C2000,2025-05-28T01:00:00Z,"Strict editorial policy that focuses on accuracy, relevance, and impartiality
Created by industry experts and meticulously reviewed
The highest standards in reporting and publishing
Strict editori… [+2924 chars]",0.0,0.0,0.6691227555274963,2025-05-28
"{'id': None, 'name': 'MMA Mania'}",Andrew Richardson,"Hasbulla Pulls A Khamzat, Allegedly Cashes $3.5 Million Off Crypto Presale Scam","Hasbulla has upset a certain portion of his fanbase, allegedly pulling $3.5 million for himself in presale cash from his recent cryptocurrency drop with his $BULLA token.",https://www.mmamania.com/2025/5/27/24438345/rug-pull-hasbulla-khamzat-chimaev-accused-stealing-3-5-million-in-cryptocurrency-presale,https://cdn.vox-cdn.com/thumbor/i3FAY5M7P39407jsDggnW8xPnB4=/0x0:3897x2040/fit-in/1200x630/cdn.vox-cdn.com/uploads/chorus_asset/file/26009433/1748764532.jpg,2025-05-28T01:00:00Z,"Photo by Chris Unger/Zuffa LLC via Getty Images

 

 Bitcoin may have recently broken its all-time high, but that doesn’t mean every new cryptocurrency endeavor is guaranteed to be a success.
The wo… [+2119 chars]",0.0,0.0,0.8219130635261536,2025-05-28
"{'id': None, 'name': 'Decrypt'}",André Beganski,"Trump's Win Boosted Bitcoin Adoption by ‘Decades,’ Says Blockstream's Adam Back","Blockstream CEO Adam Back believes America’s first “crypto president” is a net positive for the space, even despite recent controversies.",https://decrypt.co/322359/trumps-win-boosted-bitcoin-adoption-decades-adam-back,https://cdn.decrypt.co/resize/1024/height/512/wp-content/uploads/2025/05/Blockstream-CEO-Adam-Back-gID_7.png,2025-05-28T00:56:55Z,"In brief
<ul><li>Blockstream CEO Adam Back says Trumps presidency is accelerating government interest in Bitcoin by decades.</li><li>Back, a veteran cypherpunk, views the shift as a departure from B… [+3543 chars]",0.0,0.0,0.5217602252960205,2025-05-28
"{'id': None, 'name': 'Yahoo Entertainment'}",,Trump Media Announces a $2.5 Billion Private Placement to Fund a New Bitcoin Treasury,,https://consent.yahoo.com/v2/collectConsent?sessionId=1_cc-session_de438af9-bd0a-4b1a-9537-54121f7aa082,,2025-05-28T00:56:24Z,"If you click 'Accept all', we and our partners, including 241 who are part of the IAB Transparency &amp; Consent Framework, will also store and/or access information on a device (in other words, use … [+714 chars]",0.0,0.0,0.8894954919815063,2025-05-28
"{'id': None, 'name': 'Biztoc.com'}",bloomberg.com,Chinese Stock Market in Limbo as Investors Lack Conviction,,https://biztoc.com/x/eaa92a6a5a8080d6,https://biztoc.com/cdn/eaa92a6a5a8080d6_s.webp,2025-05-28T00:50:56Z,"{ window.open(this.href, '_blank'); }, 200); return false;""&gt;Why did Tesla sales drop sharply in Europe? { window.open(this.href, '_blank'); }, 200); return false;""&gt;How will Salesforce's Informa… [+1029 chars]",0.0,0.925870418548584,0.0,2025-05-28
"{'id': None, 'name': 'Biztoc.com'}",investing.com,"Elon Musk must face lawsuit over his role in DOGE under Trump, judge says",,https://biztoc.com/x/9fa53f13082ab8f1,https://biztoc.com/cdn/948/og.png,2025-05-28T00:50:56Z,"{ window.open(this.href, '_blank'); }, 200); return false;""&gt;Why did Tesla sales drop sharply in Europe? { window.open(this.href, '_blank'); }, 200); return false;""&gt;How will Salesforce's Informa… [+1037 chars]",0.0,0.0,0.4978647530078888,2025-05-28
"{'id': None, 'name': 'Biztoc.com'}",reuters.com,SpaceX Starship launched on ninth test flight after last two blew up,,https://biztoc.com/x/291773d2aaa0dd78,https://biztoc.com/cdn/948/og.png,2025-05-28T00:50:40Z,"{ window.open(this.href, '_blank'); }, 200); return false;""&gt;Why did Tesla sales drop sharply in Europe? { window.open(this.href, '_blank'); }, 200); return false;""&gt;How will Salesforce's Informa… [+1053 chars]",0.0,0.0,0.8705043196678162,2025-05-28
"{'id': None, 'name': 'Biztoc.com'}",investing.com,"Trump says Golden Dome to cost Canada $61 bln, but free if it gives up sovereignty",,https://biztoc.com/x/c8bbc70710125395,https://biztoc.com/cdn/948/og.png,2025-05-28T00:50:38Z,"{ window.open(this.href, '_blank'); }, 200); return false;""&gt;Why did Tesla sales drop sharply in Europe? { window.open(this.href, '_blank'); }, 200); return false;""&gt;How will Salesforce's Informa… [+1040 chars]",0.0,0.0,0.8557803630828857,2025-05-28
"{'id': None, 'name': 'Biztoc.com'}",breakingthenews.net,"Trump Jr. touts 'natural ties' between crypto, free speech","Donald Trump Jr., United States President Donald Trump's son, hailed what he called ""natural ties"" between free speech, crypto, Bitcoin and blockchain technologies, during the Bitcoin 20...",https://biztoc.com/x/8dea706677516552,https://biztoc.com/cdn/8dea706677516552_s.webp,2025-05-28T00:39:39Z,"Donald Trump Jr., United States President Donald Trump's son, hailed what he called ""natural ties"" between free speech, crypto, Bitcoin and blockchain technologies, during the Bitcoin 20...
This sto… [+55 chars]",0.0,0.0,0.9305452108383179,2025-05-28
"{'id': None, 'name': 'Biztoc.com'}",bloomberg.com,China Seeks to Slow Yuan’s Gains After Months of Propping It Up,,https://biztoc.com/x/f1165da8d1ebbac0,https://biztoc.com/cdn/f1165da8d1ebbac0_s.webp,2025-05-28T00:28:33Z,"{ window.open(this.href, '_blank'); }, 200); return false;""&gt;Why did Tesla sales drop sharply in Europe? { window.open(this.href, '_blank'); }, 200); return false;""&gt;How will Salesforce's Informa… [+1034 chars]",0.0,0.0,0.8822284936904907,2025-05-28
"{'id': None, 'name': 'Biztoc.com'}",bloomberg.com,"Gold Edges Higher After Loss With US Data, Trade Talks in Focus",,https://biztoc.com/x/ee3483460de2632c,https://biztoc.com/cdn/ee3483460de2632c_s.webp,2025-05-28T00:28:28Z,"{ window.open(this.href, '_blank'); }, 200); return false;""&gt;Why did Tesla sales drop sharply in Europe? { window.open(this.href, '_blank'); }, 200); return false;""&gt;How will Salesforce's Informa… [+1033 chars]",0.0,0.0,0.7741600871086121,2025-05-28
"{'id': None, 'name': 'Decrypt'}",Jason Nelson,Third Arrest Made in High-Profile Kidnapping of Bitcoin Investor in New York,Another man was arrested in New York to face charges related to an abduction case that left a Bitcoin investor tortured and held for weeks.,https://decrypt.co/322356/third-arrest-made-kidnapping-bitcoin-investor-new-york,https://cdn.decrypt.co/resize/1024/height/512/wp-content/uploads/2025/05/jail_decrypt_style_01-gID_7.png,2025-05-28T00:24:53Z,"In brief
<ul><li>William Duplessie surrendered to the NYPD on Tuesday, bringing to a close a months-long search by the NYPD.</li><li>Duplessie faces charges of first-degree kidnapping, second-degree… [+2585 chars]",0.0,0.8366996645927429,0.0,2025-05-28
"{'id': None, 'name': 'Biztoc.com'}",wsj.com,General Motors to Invest $888 Million in Propulsion Plant,,https://biztoc.com/x/e7f50cdea6e88cfe,https://biztoc.com/cdn/948/og.png,2025-05-28T00:17:37Z,"{ window.open(this.href, '_blank'); }, 200); return false;""&gt;Why did Tesla sales drop sharply in Europe? { window.open(this.href, '_blank'); }, 200); return false;""&gt;How will Salesforce's Informa… [+1014 chars]",0.0,0.0,0.881340742111206,2025-05-28
"{'id': None, 'name': 'Biztoc.com'}",barrons.com,Trump to Lose Majority Stake in DJT Over Bitcoin Play,,https://biztoc.com/x/772476707497bb7e,https://biztoc.com/cdn/772476707497bb7e_s.webp,2025-05-28T00:17:23Z,"{ window.open(this.href, '_blank'); }, 200); return false;""&gt;Why did Tesla sales drop sharply in Europe? { window.open(this.href, '_blank'); }, 200); return false;""&gt;How will Salesforce's Informa… [+981 chars]",0.0,0.6274614930152893,0.0,2025-05-28
"{'id': 'cbs-news', 'name': 'CBS News'}",CBS News,Vance to deliver keynote address at Las Vegas Bitcoin conference,"Big names in cryptocurrency and some familiar faces from the White House are gathering in Las Vegas for a three-day Bitcoin conference, where Vice President JD Vance will deliver the keynote address. CBS News correspondent Carter Evans has the details.",https://www.cbsnews.com/video/vance-to-deliver-keynote-address-las-vegas-bitcoin-conference/,https://assets2.cbsnewsstatic.com/hub/i/r/2025/05/28/da32a68c-9122-4273-a45c-13f96d6aea6c/thumbnail/1200x630/835e27f1c9dfd00f9ca0f36a800afd71/cbsn-fusion-vance-to-deliver-keynote-address-las-vegas-bitcoin-conference-thumbnail.jpg?v=f5922acb8cfbf6d7fe1f82314e5e9885,2025-05-28T00:07:00Z,Copyright ©2025 CBS Interactive Inc. All rights reserved.,0.0,0.0,0.9302343726158142,2025-05-28
"{'id': None, 'name': 'Biztoc.com'}",bloomberg.com,Retailer At Home Prepares to File for Bankruptcy in Coming Weeks,,https://biztoc.com/x/c12ba79304553f2f,https://biztoc.com/cdn/c12ba79304553f2f_s.webp,2025-05-28T00:06:21Z,"{ window.open(this.href, '_blank'); }, 200); return false;""&gt;Why did Tesla sales drop sharply in Europe? { window.open(this.href, '_blank'); }, 200); return false;""&gt;How will Salesforce's Informa… [+1035 chars]",0.0,0.0,0.581926167011261,2025-05-28
"{'id': None, 'name': 'Biztoc.com'}",reuters.com,"France's Macron, Indonesia's Prabowo to discuss strategic partnerships",,https://biztoc.com/x/45037d7a2c7e39df,https://biztoc.com/cdn/45037d7a2c7e39df_s.webp,2025-05-28T00:06:20Z,"{ window.open(this.href, '_blank'); }, 200); return false;""&gt;Why did Tesla sales drop sharply in Europe? { window.open(this.href, '_blank'); }, 200); return false;""&gt;How will Salesforce's Informa… [+1044 chars]",0.0,0.0,0.8593552112579346,2025-05-28
"{'id': None, 'name': 'Biztoc.com'}",reuters.com,"Japan proposes to buy U.S. chip products in tariff talks, Asahi says",,https://biztoc.com/x/8f9b9acf6d1341ef,https://biztoc.com/cdn/8f9b9acf6d1341ef_s.webp,2025-05-28T00:06:16Z,"{ window.open(this.href, '_blank'); }, 200); return false;""&gt;Why did Tesla sales drop sharply in Europe? { window.open(this.href, '_blank'); }, 200); return false;""&gt;How will Salesforce's Informa… [+1021 chars]",0.0,0.0,0.971290647983551,2025-05-28
"{'id': None, 'name': 'Biztoc.com'}",bloomberg.com,TV-Shopping Network QVC Seeks Advice on $5 Billion Debt Pile,,https://biztoc.com/x/4b8a3de6725f5195,https://biztoc.com/cdn/4b8a3de6725f5195_s.webp,2025-05-28T00:05:56Z,"{ window.open(this.href, '_blank'); }, 200); return false;""&gt;Why did Tesla sales drop sharply in Europe? { window.open(this.href, '_blank'); }, 200); return false;""&gt;How will Salesforce's Informa… [+1030 chars]",0.0,0.0,0.9463540315628052,2025-05-28
"{'id': None, 'name': 'Biztoc.com'}",investing.com,US judge allows states' lawsuit against DOGE to proceed,,https://biztoc.com/x/259ef535e31f698e,https://biztoc.com/cdn/259ef535e31f698e_s.webp,2025-05-28T00:05:52Z,"{ window.open(this.href, '_blank'); }, 200); return false;""&gt;Why did Tesla sales drop sharply in Europe? { window.open(this.href, '_blank'); }, 200); return false;""&gt;How will Salesforce's Informa… [+1019 chars]",0.0,0.0,0.9441636800765991,2025-05-28
"{'id': None, 'name': 'newsBTC'}",Scott Matherson,"Bitcoin Price Bounces Off Re-Accumulation Zone: Why $120,000 Could Be Next","A new Bitcoin price analysis confirms that the flagship cryptocurrency is still in a bullish trend after its recent bounce off a key re-accumulation zone. With key structural support levels intact and a bullish AB=CD pattern unfolding, analysts are now eyeing…",http://www.newsbtc.com/news/bitcoin/bitcoin-to-120000-could-be-next/,https://www.newsbtc.com/wp-content/uploads/2025/05/Bitcoin-from-Getty-Images-24-1.jpg?fit=612%2C344,2025-05-28T00:00:23Z,"Strict editorial policy that focuses on accuracy, relevance, and impartiality
Created by industry experts and meticulously reviewed
The highest standards in reporting and publishing
Strict editori… [+3324 chars]",0.7261725068092346,0.0,0.0,2025-05-28
"{'id': None, 'name': 'Biztoc.com'}",reuters.com,Missouri Supreme Court allows abortion ban to continue,,https://biztoc.com/x/ba06177d4e0d6285,https://biztoc.com/cdn/ba06177d4e0d6285_s.webp,2025-05-27T23:54:48Z,"{ window.open(this.href, '_blank'); }, 200); return false;""&gt;Why did Tesla sales drop sharply in Europe? { window.open(this.href, '_blank'); }, 200); return false;""&gt;How will Salesforce's Informa… [+1040 chars]",0.0,0.0,0.9296014308929443,2025-05-27
"{'id': None, 'name': 'Biztoc.com'}",bloomberg.com,Traders Brace for Japan’s 40-Year Bond Sale After Yields Swoon,,https://biztoc.com/x/000c43dd2641db3a,https://biztoc.com/cdn/000c43dd2641db3a_s.webp,2025-05-27T23:44:07Z,"{ window.open(this.href, '_blank'); }, 200); return false;""&gt;Why did Tesla sales plummet in Europe? { window.open(this.href, '_blank'); }, 200); return false;""&gt;How will Trump's tariffs affect US… [+958 chars]",0.0,0.0,0.8515509366989136,2025-05-27
"{'id': None, 'name': 'Biztoc.com'}",bloomberg.com,"Oil Steadies as Traders Weigh Supply Outlook, Russia Sanctions",,https://biztoc.com/x/84cc71060a758200,https://biztoc.com/cdn/84cc71060a758200_s.webp,2025-05-27T23:44:06Z,"{ window.open(this.href, '_blank'); }, 200); return false;""&gt;Why did Tesla sales plummet in Europe? { window.open(this.href, '_blank'); }, 200); return false;""&gt;How will Trump's tariffs affect US… [+942 chars]",0.0,0.0,0.7886698246002197,2025-05-27
"{'id': None, 'name': 'Biztoc.com'}",bloomberg.com,"Malaysian Assets to Gain as Funds Slash US Exposure, CIMB Says",,https://biztoc.com/x/da4c5876422edde6,https://biztoc.com/cdn/da4c5876422edde6_s.webp,2025-05-27T23:43:57Z,"{ window.open(this.href, '_blank'); }, 200); return false;""&gt;Why did Tesla sales plummet in Europe? { window.open(this.href, '_blank'); }, 200); return false;""&gt;How will Trump's tariffs affect US… [+957 chars]",0.0,0.0,0.9287757873535156,2025-05-27
